"","x"
"1",3
"2",30
"3",41
"4",59
"5",62
"6",71
"7",77
"8",79
"9",100
"10",110
"11",114
"12",118
"13",123
"14",130
"15",133
"16",136
"17",140
"18",141
"19",148
"20",150
"21",151
"22",179
"23",180
"24",181
"25",182
"26",183
"27",189
"28",196
"29",197
"30",198
"31",199
"32",200
"33",201
"34",202
"35",203
"36",204
"37",205
"38",206
"39",207
"40",208
"41",209
"42",210
"43",211
"44",212
"45",213
"46",214
"47",215
"48",216
"49",234
"50",235
"51",238
"52",240
"53",249
"54",250
"55",251
"56",252
"57",257
"58",259
"59",274
"60",276
"61",277
"62",280
"63",291
"64",292
"65",293
"66",294
"67",300
"68",304
"69",308
"70",312
"71",316
"72",326
"73",343
"74",349
"75",354
"76",355
"77",357
"78",360
"79",368
"80",372
"81",373
"82",385
"83",387
"84",389
"85",390
"86",392
"87",398
"88",411
"89",417
"90",421
"91",423
"92",427
"93",430
"94",431
"95",437
"96",441
"97",450
"98",451
"99",452
"100",453
"101",459
"102",470
"103",476
"104",478
"105",481
"106",483
"107",485
"108",501
"109",505
"110",507
"111",509
"112",520
"113",530
"114",532
"115",533
"116",534
"117",535
"118",536
"119",537
"120",538
"121",539
"122",540
"123",541
"124",542
"125",543
"126",544
"127",545
"128",546
"129",547
"130",548
"131",549
"132",550
"133",551
"134",558
"135",561
"136",564
"137",576
"138",602
"139",604
"140",608
"141",615
"142",617
"143",623
"144",629
"145",633
"146",634
"147",638
"148",647
"149",648
"150",655
"151",656
"152",659
"153",660
"154",661
"155",662
"156",672
"157",673
"158",674
"159",675
"160",676
"161",677
"162",678
"163",679
"164",680
"165",681
"166",682
"167",683
"168",684
"169",685
"170",686
"171",687
"172",688
"173",689
"174",690
"175",691
"176",692
"177",693
"178",694
"179",695
"180",696
"181",697
"182",698
"183",699
"184",700
"185",701
"186",702
"187",703
"188",704
"189",706
"190",707
"191",709
"192",718
"193",720
"194",725
"195",727
"196",749
"197",764
"198",780
"199",788
"200",789
"201",790
"202",800
"203",802
"204",810
"205",814
"206",816
"207",819
"208",824
"209",826
"210",829
"211",830
"212",841
"213",846
"214",852
"215",854
"216",859
"217",870
"218",879
"219",883
"220",884
"221",889
"222",892
"223",896
"224",897
"225",903
"226",906
"227",909
"228",915
"229",921
"230",928
"231",929
"232",930
"233",933
"234",934
"235",935
"236",936
"237",943
"238",944
"239",945
"240",946
"241",947
"242",948
"243",961
"244",965
"245",970
"246",982
"247",988
"248",990
"249",1007
"250",1010
"251",1023
"252",1024
"253",1026
"254",1027
"255",1028
"256",1029
"257",1030
"258",1031
"259",1033
"260",1045
"261",1057
"262",1062
"263",1068
"264",1077
"265",1083
"266",1084
"267",1090
"268",1091
"269",1092
"270",1093
"271",1094
"272",1095
"273",1096
"274",1097
"275",1098
"276",1099
"277",1100
"278",1101
"279",1102
"280",1103
"281",1108
"282",1116
"283",1117
"284",1118
"285",1124
"286",1127
"287",1135
"288",1137
"289",1138
"290",1146
"291",1153
"292",1155
"293",1157
"294",1169
"295",1179
"296",1180
"297",1181
"298",1183
"299",1189
"300",1193
"301",1197
"302",1198
"303",1205
"304",1209
"305",1218
"306",1223
"307",1225
"308",1228
"309",1232
"310",1239
"311",1243
"312",1244
"313",1248
"314",1261
"315",1272
"316",1275
"317",1276
"318",1284
"319",1289
"320",1301
"321",1313
"322",1315
"323",1328
"324",1342
"325",1347
"326",1354
"327",1363
"328",1369
"329",1370
"330",1371
"331",1373
"332",1375
"333",1377
"334",1402
"335",1404
"336",1410
"337",1411
"338",1429
"339",1430
"340",1433
"341",1434
"342",1441
"343",1458
"344",1461
"345",1467
"346",1476
"347",1479
"348",1489
"349",1500
"350",1506
"351",1512
"352",1517
"353",1520
"354",1536
"355",1541
"356",1545
"357",1554
"358",1557
"359",1563
"360",1566
"361",1567
"362",1571
"363",1572
"364",1577
"365",1579
"366",1582
"367",1583
"368",1618
"369",1619
"370",1625
"371",1628
"372",1631
"373",1635
"374",1636
"375",1640
"376",1648
"377",1656
"378",1669
"379",1671
"380",1675
"381",1677
"382",1683
"383",1707
"384",1708
"385",1720
"386",1727
"387",1743
"388",1769
"389",1770
"390",1772
"391",1774
"392",1777
"393",1781
"394",1787
"395",1790
"396",1798
"397",1801
"398",1805
"399",1806
"400",1807
"401",1812
"402",1813
"403",1814
"404",1824
"405",1834
"406",1836
"407",1838
"408",1839
"409",1840
"410",1841
"411",1842
"412",1845
"413",1846
"414",1849
"415",1850
"416",1852
"417",1853
"418",1858
"419",1885
"420",1886
"421",1887
"422",1888
"423",1889
"424",1890
"425",1891
"426",1892
"427",1893
"428",1894
"429",1900
"430",1903
"431",1904
"432",1905
"433",1906
"434",1907
"435",1908
"436",1909
"437",1910
"438",1911
"439",1912
"440",1913
"441",1914
"442",1915
"443",1916
"444",1917
"445",1918
"446",1919
"447",1921
"448",1922
"449",1923
"450",1924
"451",1925
"452",1926
"453",1927
"454",1928
"455",1929
"456",1930
"457",1932
"458",1933
"459",1934
"460",1935
"461",1936
"462",1937
"463",1938
"464",1939
"465",1940
"466",1941
"467",1942
"468",1943
"469",1944
"470",1945
"471",1946
"472",1947
"473",1948
"474",1949
"475",1950
"476",1951
"477",1952
"478",1953
"479",1954
"480",1955
"481",1956
"482",1957
"483",1958
"484",1959
"485",1960
"486",1961
"487",1962
"488",1963
"489",1964
"490",1965
"491",1966
"492",1967
"493",1968
"494",1969
"495",1970
"496",1971
"497",1972
"498",1973
"499",1974
"500",1975
"501",1976
"502",1977
"503",1978
"504",1979
"505",1980
"506",1981
"507",1982
"508",1983
"509",1984
"510",1985
"511",1986
"512",1987
"513",1988
"514",1989
"515",1990
"516",1991
"517",1992
"518",1993
"519",1994
"520",1995
"521",1996
"522",1997
"523",1998
"524",1999
"525",2000
"526",2001
"527",2002
"528",2003
"529",2004
"530",2005
"531",2006
"532",2011
"533",2012
"534",2013
"535",2014
"536",2015
"537",2016
"538",2017
"539",2018
"540",2019
"541",2020
"542",2021
"543",2022
"544",2023
"545",2024
"546",2025
"547",2026
"548",2027
"549",2028
"550",2029
"551",2030
"552",2031
"553",2032
"554",2033
"555",2034
"556",2035
"557",2036
"558",2037
"559",2038
"560",2039
"561",2040
"562",2041
"563",2042
"564",2043
"565",2044
"566",2045
"567",2046
"568",2047
"569",2048
"570",2049
"571",2050
"572",2051
"573",2052
"574",2053
"575",2054
"576",2055
"577",2056
"578",2057
"579",2058
"580",2059
"581",2060
"582",2061
"583",2062
"584",2063
"585",2064
"586",2065
"587",2066
"588",2067
"589",2068
"590",2069
"591",2070
"592",2071
"593",2072
"594",2073
"595",2074
"596",2075
"597",2076
"598",2077
"599",2078
"600",2079
"601",2080
"602",2081
"603",2082
"604",2083
"605",2084
"606",2085
"607",2086
"608",2087
"609",2088
"610",2089
"611",2090
"612",2091
"613",2092
"614",2093
"615",2094
"616",2095
"617",2096
"618",2097
"619",2101
"620",2102
"621",2111
"622",2113
"623",2124
"624",2131
"625",2133
"626",2156
"627",2159
"628",2160
"629",2187
"630",2189
"631",2216
"632",2217
"633",2218
"634",2219
"635",2220
"636",2221
"637",2222
"638",2223
"639",2224
"640",2229
"641",2234
"642",2242
"643",2253
"644",2262
"645",2271
"646",2277
"647",2291
"648",2292
"649",2304
"650",2315
"651",2320
"652",2330
"653",2335
"654",2336
"655",2337
"656",2344
"657",2359
"658",2360
"659",2369
"660",2372
"661",2375
"662",2387
"663",2388
"664",2397
"665",2404
"666",2406
"667",2409
"668",2412
"669",2423
"670",2424
"671",2431
"672",2445
"673",2448
"674",2450
"675",2458
"676",2486
"677",2504
"678",2505
"679",2507
"680",2508
"681",2509
"682",2510
"683",2511
"684",2512
"685",2513
"686",2514
"687",2515
"688",2516
"689",2517
"690",2518
"691",2528
"692",2529
"693",2534
"694",2535
"695",2536
"696",2537
"697",2538
"698",2539
"699",2540
"700",2541
"701",2542
"702",2545
"703",2548
"704",2551
"705",2552
"706",2563
"707",2582
"708",2583
"709",2586
"710",2593
"711",2594
"712",2597
"713",2598
"714",2605
"715",2615
"716",2619
"717",2621
"718",2625
"719",2630
"720",2631
"721",2636
"722",2638
"723",2645
"724",2647
"725",2656
"726",2657
"727",2673
"728",2691
"729",2692
"730",2693
"731",2694
"732",2695
"733",2696
"734",2697
"735",2698
"736",2699
"737",2700
"738",2701
"739",2702
"740",2703
"741",2704
"742",2705
"743",2706
"744",2707
"745",2708
"746",2712
"747",2714
"748",2716
"749",2718
"750",2726
"751",2735
"752",2743
"753",2746
"754",2765
"755",2766
"756",2774
"757",2778
"758",2779
"759",2803
"760",2807
"761",2808
"762",2810
"763",2815
"764",2831
"765",2834
"766",2835
"767",2839
"768",2841
"769",2846
"770",2850
"771",2851
"772",2852
"773",2853
"774",2854
"775",2855
"776",2856
"777",2857
"778",2858
"779",2859
"780",2860
"781",2866
"782",2868
"783",2872
"784",2873
"785",2875
"786",2895
"787",2897
"788",2898
"789",2915
"790",2916
"791",2918
"792",2919
"793",2927
"794",2935
"795",2943
"796",2952
"797",2962
"798",2965
"799",2966
"800",2970
"801",2977
"802",2981
"803",2986
"804",2997
"805",2999
"806",3015
"807",3020
"808",3021
"809",3036
"810",3039
"811",3042
"812",3046
"813",3049
"814",3068
"815",3070
"816",3075
"817",3076
"818",3081
"819",3084
"820",3088
"821",3089
"822",3097
"823",3125
"824",3133
"825",3135
"826",3137
"827",3145
"828",3155
"829",3156
"830",3163
"831",3172
"832",3174
"833",3191
"834",3196
"835",3199
"836",3202
"837",3204
"838",3205
"839",3211
"840",3212
"841",3214
"842",3217
"843",3218
"844",3219
"845",3225
"846",3239
"847",3243
"848",3245
"849",3247
"850",3255
"851",3273
"852",3277
"853",3278
"854",3292
"855",3293
"856",3295
"857",3296
"858",3298
"859",3307
"860",3313
"861",3316
"862",3318
"863",3319
"864",3322
"865",3328
"866",3332
"867",3334
"868",3341
"869",3353
"870",3354
"871",3359
"872",3364
"873",3371
"874",3381
"875",3385
"876",3392
"877",3395
"878",3396
"879",3420
"880",3424
"881",3429
"882",3430
"883",3431
"884",3436
"885",3440
"886",3444
"887",3446
"888",3448
"889",3451
"890",3462
"891",3464
"892",3469
"893",3474
"894",3475
"895",3493
"896",3501
"897",3504
"898",3524
"899",3526
"900",3527
"901",3528
"902",3530
"903",3533
"904",3535
"905",3538
"906",3539
"907",3542
"908",3545
"909",3546
"910",3552
"911",3555
"912",3558
"913",3561
"914",3563
"915",3564
"916",3565
"917",3570
"918",3580
"919",3581
"920",3582
"921",3586
"922",3592
"923",3593
"924",3613
"925",3614
"926",3634
"927",3638
"928",3642
"929",3646
"930",3650
"931",3660
"932",3661
"933",3662
"934",3664
"935",3665
"936",3681
"937",3697
"938",3700
"939",3705
"940",3706
"941",3715
"942",3718
"943",3724
"944",3730
"945",3742
"946",3744
"947",3751
"948",3756
"949",3757
"950",3758
"951",3775
"952",3777
"953",3780
"954",3813
"955",3819
"956",3822
"957",3837
"958",3838
"959",3844
"960",3845
"961",3870
"962",3879
"963",3883
"964",3890
"965",3897
"966",3898
"967",3900
"968",3906
"969",3946
"970",3951
"971",3958
"972",3967
"973",3970
"974",3971
"975",3982
"976",3991
"977",3999
"978",4001
"979",4004
"980",4015
"981",4016
"982",4026
"983",4037
"984",4043
"985",4047
"986",4049
"987",4065
"988",4075
"989",4077
"990",4085
"991",4091
"992",4099
"993",4101
"994",4102
"995",4105
"996",4106
"997",4121
"998",4122
"999",4124
"1000",4127
"1001",4129
"1002",4130
"1003",4137
"1004",4145
"1005",4147
"1006",4148
"1007",4150
"1008",4156
"1009",4161
"1010",4167
"1011",4181
"1012",4182
"1013",4187
"1014",4190
"1015",4192
"1016",4195
"1017",4201
"1018",4205
"1019",4208
"1020",4218
"1021",4234
"1022",4236
"1023",4239
"1024",4243
"1025",4265
"1026",4267
"1027",4279
"1028",4282
"1029",4289
"1030",4295
"1031",4301
"1032",4302
"1033",4311
"1034",4326
"1035",4333
"1036",4335
"1037",4336
"1038",4337
"1039",4338
"1040",4339
"1041",4340
"1042",4341
"1043",4342
"1044",4343
"1045",4344
"1046",4345
"1047",4346
"1048",4347
"1049",4348
"1050",4352
"1051",4357
"1052",4358
"1053",4360
"1054",4361
"1055",4362
"1056",4363
"1057",4364
"1058",4365
"1059",4366
"1060",4367
"1061",4368
"1062",4377
"1063",4378
"1064",4379
"1065",4380
"1066",4381
"1067",4382
"1068",4383
"1069",4384
"1070",4385
"1071",4386
"1072",4388
"1073",4389
"1074",4390
"1075",4391
"1076",4392
"1077",4393
"1078",4394
"1079",4395
"1080",4396
"1081",4398
"1082",4399
"1083",4402
"1084",4403
"1085",4404
"1086",4405
"1087",4406
"1088",4407
"1089",4408
"1090",4409
"1091",4410
"1092",4411
"1093",4412
"1094",4413
"1095",4414
"1096",4417
"1097",4418
"1098",4420
"1099",4421
"1100",4422
"1101",4423
"1102",4424
"1103",4426
"1104",4427
"1105",4428
"1106",4429
"1107",4430
"1108",4431
"1109",4435
"1110",4437
"1111",4438
"1112",4448
"1113",4450
"1114",4451
"1115",4457
"1116",4474
"1117",4477
"1118",4479
"1119",4486
"1120",4496
"1121",4497
"1122",4500
"1123",4505
"1124",4506
"1125",4516
"1126",4519
"1127",4542
"1128",4552
"1129",4556
"1130",4564
"1131",4568
"1132",4571
"1133",4574
"1134",4580
"1135",4586
"1136",4598
"1137",4599
"1138",4602
"1139",4625
"1140",4632
"1141",4633
"1142",4640
"1143",4641
"1144",4643
"1145",4645
"1146",4647
"1147",4650
"1148",4659
"1149",4663
"1150",4678
"1151",4682
"1152",4684
"1153",4697
"1154",4699
"1155",4700
"1156",4704
"1157",4707
"1158",4715
"1159",4729
"1160",4735
"1161",4739
"1162",4740
"1163",4744
"1164",4747
"1165",4748
"1166",4749
"1167",4751
"1168",4755
"1169",4756
"1170",4757
"1171",4765
"1172",4776
"1173",4784
"1174",4785
"1175",4786
"1176",4788
"1177",4789
"1178",4790
"1179",4791
"1180",4792
"1181",4793
"1182",4794
"1183",4795
"1184",4796
"1185",4797
"1186",4798
"1187",4799
"1188",4800
"1189",4801
"1190",4802
"1191",4803
"1192",4804
"1193",4805
"1194",4806
"1195",4807
"1196",4808
"1197",4809
"1198",4810
"1199",4811
"1200",4812
"1201",4815
"1202",4816
"1203",4819
"1204",4824
"1205",4825
"1206",4830
"1207",4838
"1208",4839
"1209",4840
"1210",4841
"1211",4842
"1212",4843
"1213",4844
"1214",4845
"1215",4846
"1216",4847
"1217",4853
"1218",4855
"1219",4858
"1220",4860
"1221",4869
"1222",4880
"1223",4885
"1224",4887
"1225",4913
"1226",4914
"1227",4915
"1228",4925
"1229",4927
"1230",4930
"1231",4932
"1232",4937
"1233",4940
"1234",4943
"1235",4947
"1236",4950
"1237",4953
"1238",4958
"1239",4963
"1240",4974
"1241",4975
"1242",4985
"1243",4989
"1244",5004
"1245",5006
"1246",5017
"1247",5028
"1248",5035
"1249",5047
"1250",5048
"1251",5051
"1252",5056
"1253",5057
"1254",5063
"1255",5065
"1256",5066
"1257",5069
"1258",5075
"1259",5081
"1260",5083
"1261",5093
"1262",5098
"1263",5100
"1264",5101
"1265",5107
"1266",5113
"1267",5117
"1268",5118
"1269",5122
"1270",5127
"1271",5130
"1272",5132
"1273",5134
"1274",5139
"1275",5144
"1276",5159
"1277",5169
"1278",5176
"1279",5194
"1280",5200
"1281",5206
"1282",5214
"1283",5215
"1284",5223
"1285",5227
"1286",5232
"1287",5233
"1288",5235
"1289",5237
"1290",5253
"1291",5257
"1292",5265
"1293",5268
"1294",5273
"1295",5280
"1296",5282
"1297",5287
"1298",5289
"1299",5292
"1300",5297
"1301",5308
"1302",5312
"1303",5315
"1304",5317
"1305",5324
"1306",5330
"1307",5337
"1308",5341
"1309",5344
"1310",5345
"1311",5352
"1312",5360
"1313",5362
"1314",5376
"1315",5395
"1316",5398
"1317",5404
"1318",5410
"1319",5411
"1320",5416
"1321",5418
"1322",5420
"1323",5421
"1324",5432
"1325",5434
"1326",5448
"1327",5449
"1328",5462
"1329",5478
"1330",5482
"1331",5487
"1332",5488
"1333",5498
"1334",5499
"1335",5500
"1336",5501
"1337",5502
"1338",5503
"1339",5504
"1340",5506
"1341",5507
"1342",5508
"1343",5509
"1344",5510
"1345",5511
"1346",5512
"1347",5513
"1348",5514
"1349",5515
"1350",5518
"1351",5519
"1352",5520
"1353",5521
"1354",5522
"1355",5523
"1356",5524
"1357",5525
"1358",5526
"1359",5531
"1360",5532
"1361",5536
"1362",5537
"1363",5538
"1364",5539
"1365",5540
"1366",5541
"1367",5542
"1368",5543
"1369",5544
"1370",5545
"1371",5546
"1372",5547
"1373",5548
"1374",5549
"1375",5550
"1376",5551
"1377",5560
"1378",5561
"1379",5562
"1380",5563
"1381",5564
"1382",5565
"1383",5566
"1384",5567
"1385",5568
"1386",5569
"1387",5570
"1388",5571
"1389",5572
"1390",5573
"1391",5574
"1392",5575
"1393",5576
"1394",5577
"1395",5578
"1396",5579
"1397",5580
"1398",5581
"1399",5582
"1400",5585
"1401",5586
"1402",5588
"1403",5589
"1404",5590
"1405",5601
"1406",5602
"1407",5605
"1408",5609
"1409",5611
"1410",5613
"1411",5614
"1412",5616
"1413",5620
"1414",5626
"1415",5628
"1416",5629
"1417",5635
"1418",5636
"1419",5644
"1420",5647
"1421",5650
"1422",5652
"1423",5653
"1424",5654
"1425",5659
"1426",5669
"1427",5672
"1428",5673
"1429",5674
"1430",5675
"1431",5676
"1432",5678
"1433",5689
"1434",5690
"1435",5698
"1436",5724
"1437",5729
"1438",5736
"1439",5740
"1440",5754
"1441",5755
"1442",5757
"1443",5761
"1444",5766
"1445",5773
"1446",5779
"1447",5781
"1448",5786
"1449",5794
"1450",5795
"1451",5796
"1452",5802
"1453",5804
"1454",5807
"1455",5808
"1456",5810
"1457",5812
"1458",5821
"1459",5829
"1460",5841
"1461",5845
"1462",5846
"1463",5854
"1464",5860
"1465",5861
"1466",5866
"1467",5867
"1468",5868
"1469",5869
"1470",5870
"1471",5871
"1472",5872
"1473",5875
"1474",5886
"1475",5887
"1476",5889
"1477",5893
"1478",5901
"1479",5903
"1480",5907
"1481",5910
"1482",5913
"1483",5919
"1484",5922
"1485",5927
"1486",5928
"1487",5934
"1488",5939
"1489",5942
"1490",5950
"1491",5961
"1492",5962
"1493",5963
"1494",5971
"1495",5978
"1496",5992
"1497",6014
"1498",6015
"1499",6016
"1500",6018
"1501",6019
"1502",6020
"1503",6023
"1504",6024
"1505",6034
"1506",6035
"1507",6036
"1508",6037
"1509",6038
"1510",6039
"1511",6040
"1512",6041
"1513",6042
"1514",6043
"1515",6044
"1516",6045
"1517",6046
"1518",6048
"1519",6049
"1520",6050
"1521",6058
"1522",6060
"1523",6066
"1524",6073
"1525",6087
"1526",6095
"1527",6099
"1528",6103
"1529",6114
"1530",6118
"1531",6129
"1532",6130
"1533",6131
"1534",6134
"1535",6141
"1536",6142
"1537",6143
"1538",6144
"1539",6145
"1540",6146
"1541",6147
"1542",6148
"1543",6149
"1544",6150
"1545",6152
"1546",6153
"1547",6156
"1548",6160
"1549",6165
"1550",6166
"1551",6168
"1552",6175
"1553",6181
"1554",6182
"1555",6183
"1556",6184
"1557",6185
"1558",6186
"1559",6187
"1560",6188
"1561",6189
"1562",6191
"1563",6200
"1564",6201
"1565",6208
"1566",6210
"1567",6211
"1568",6218
"1569",6224
"1570",6225
"1571",6226
"1572",6227
"1573",6228
"1574",6229
"1575",6230
"1576",6231
"1577",6232
"1578",6233
"1579",6234
"1580",6235
"1581",6236
"1582",6237
"1583",6238
"1584",6239
"1585",6241
"1586",6243
"1587",6245
"1588",6246
"1589",6251
"1590",6252
"1591",6256
"1592",6274
"1593",6277
"1594",6281
"1595",6284
"1596",6287
"1597",6290
"1598",6301
"1599",6311
"1600",6319
"1601",6325
"1602",6328
"1603",6331
"1604",6333
"1605",6335
"1606",6336
"1607",6338
"1608",6340
"1609",6341
"1610",6343
"1611",6345
"1612",6349
"1613",6354
"1614",6360
"1615",6365
"1616",6368
"1617",6377
"1618",6378
"1619",6391
"1620",6397
"1621",6398
"1622",6399
"1623",6410
"1624",6411
"1625",6413
"1626",6418
"1627",6419
"1628",6428
"1629",6433
"1630",6437
"1631",6440
"1632",6445
"1633",6449
"1634",6450
"1635",6451
"1636",6452
"1637",6453
"1638",6454
"1639",6455
"1640",6456
"1641",6457
"1642",6458
"1643",6459
"1644",6460
"1645",6461
"1646",6462
"1647",6463
"1648",6464
"1649",6465
"1650",6466
"1651",6467
"1652",6468
"1653",6469
"1654",6471
"1655",6472
"1656",6473
"1657",6483
"1658",6485
"1659",6498
"1660",6499
"1661",6500
"1662",6504
"1663",6510
"1664",6513
"1665",6519
"1666",6520
"1667",6526
"1668",6527
"1669",6529
"1670",6532
"1671",6535
"1672",6538
"1673",6541
"1674",6544
"1675",6545
"1676",6548
"1677",6549
"1678",6558
"1679",6568
"1680",6579
"1681",6604
"1682",6613
"1683",6614
"1684",6615
"1685",6623
"1686",6630
"1687",6644
"1688",6645
"1689",6648
"1690",6650
"1691",6651
"1692",6653
"1693",6663
"1694",6672
"1695",6673
"1696",6678
"1697",6681
"1698",6682
"1699",6685
"1700",6686
"1701",6687
"1702",6695
"1703",6696
"1704",6697
"1705",6709
"1706",6712
"1707",6713
"1708",6715
"1709",6716
"1710",6717
"1711",6718
"1712",6719
"1713",6720
"1714",6721
"1715",6722
"1716",6723
"1717",6724
"1718",6725
"1719",6726
"1720",6727
"1721",6728
"1722",6729
"1723",6730
"1724",6731
"1725",6732
"1726",6733
"1727",6734
"1728",6735
"1729",6736
"1730",6738
"1731",6752
"1732",6755
"1733",6756
"1734",6758
"1735",6760
"1736",6764
"1737",6774
"1738",6776
"1739",6780
"1740",6785
"1741",6791
"1742",6803
"1743",6804
"1744",6809
"1745",6810
"1746",6813
"1747",6819
"1748",6820
"1749",6823
"1750",6833
"1751",6837
"1752",6848
"1753",6858
"1754",6861
"1755",6863
"1756",6864
"1757",6867
"1758",6873
"1759",6897
"1760",6900
"1761",6903
"1762",6910
"1763",6911
"1764",6915
"1765",6916
"1766",6917
"1767",6918
"1768",6919
"1769",6920
"1770",6921
"1771",6937
"1772",6939
"1773",6943
"1774",6944
"1775",6946
"1776",6953
"1777",6962
"1778",6966
"1779",6976
"1780",6977
"1781",6982
"1782",6984
"1783",6985
"1784",6986
"1785",6991
"1786",7001
"1787",7010
"1788",7012
"1789",7041
"1790",7051
"1791",7056
"1792",7072
"1793",7094
"1794",7098
"1795",7102
"1796",7103
"1797",7111
"1798",7128
"1799",7131
"1800",7135
"1801",7136
"1802",7140
"1803",7142
"1804",7144
"1805",7148
"1806",7155
"1807",7164
"1808",7165
"1809",7167
"1810",7175
"1811",7179
"1812",7206
"1813",7211
"1814",7212
"1815",7225
"1816",7234
"1817",7251
"1818",7256
"1819",7267
"1820",7268
"1821",7275
"1822",7276
"1823",7279
"1824",7280
"1825",7281
"1826",7282
"1827",7283
"1828",7284
"1829",7291
"1830",7295
"1831",7296
"1832",7305
"1833",7309
"1834",7315
"1835",7320
"1836",7321
"1837",7324
"1838",7336
"1839",7338
"1840",7349
"1841",7359
"1842",7361
"1843",7367
"1844",7377
"1845",7408
"1846",7420
"1847",7425
"1848",7426
"1849",7427
"1850",7428
"1851",7429
"1852",7430
"1853",7431
"1854",7432
"1855",7433
"1856",7434
"1857",7435
"1858",7436
"1859",7437
"1860",7438
"1861",7439
"1862",7440
"1863",7441
"1864",7443
"1865",7448
"1866",7451
"1867",7454
"1868",7459
"1869",7460
"1870",7468
"1871",7470
"1872",7471
"1873",7472
"1874",7473
"1875",7474
"1876",7475
"1877",7476
"1878",7477
"1879",7478
"1880",7479
"1881",7480
"1882",7481
"1883",7482
"1884",7483
"1885",7484
"1886",7485
"1887",7486
"1888",7487
"1889",7502
"1890",7520
"1891",7527
"1892",7532
"1893",7534
"1894",7535
"1895",7543
"1896",7544
"1897",7547
"1898",7554
"1899",7574
"1900",7582
"1901",7587
"1902",7591
"1903",7600
"1904",7611
"1905",7614
"1906",7616
"1907",7620
"1908",7625
"1909",7636
"1910",7656
"1911",7666
"1912",7667
"1913",7668
"1914",7669
"1915",7670
"1916",7671
"1917",7672
"1918",7673
"1919",7674
"1920",7675
"1921",7676
"1922",7677
"1923",7680
"1924",7686
"1925",7691
"1926",7695
"1927",7698
"1928",7699
"1929",7701
"1930",7711
"1931",7712
"1932",7722
"1933",7725
"1934",7729
"1935",7735
"1936",7743
"1937",7744
"1938",7746
"1939",7750
"1940",7751
"1941",7752
"1942",7768
"1943",7773
"1944",7782
"1945",7788
"1946",7789
"1947",7793
"1948",7796
"1949",7797
"1950",7800
"1951",7802
"1952",7808
"1953",7818
"1954",7823
"1955",7832
"1956",7837
"1957",7842
"1958",7851
"1959",7853
"1960",7870
"1961",7871
"1962",7872
"1963",7873
"1964",7874
"1965",7875
"1966",7876
"1967",7877
"1968",7878
"1969",7879
"1970",7880
"1971",7881
"1972",7882
"1973",7883
"1974",7884
"1975",7885
"1976",7892
"1977",7893
"1978",7897
"1979",7906
"1980",7919
"1981",7921
"1982",7922
"1983",7933
"1984",7936
"1985",7946
"1986",7949
"1987",7950
"1988",7951
"1989",7964
"1990",7965
"1991",7966
"1992",7967
"1993",7968
"1994",7969
"1995",7975
"1996",7980
"1997",7981
"1998",7982
"1999",7983
"2000",7984
"2001",7985
"2002",7986
"2003",7987
"2004",7988
"2005",7989
"2006",7990
"2007",7991
"2008",7992
"2009",7993
"2010",7994
"2011",7995
"2012",7996
"2013",8005
"2014",8006
"2015",8007
"2016",8008
"2017",8009
"2018",8010
"2019",8011
"2020",8012
"2021",8013
"2022",8014
"2023",8015
"2024",8016
"2025",8017
"2026",8018
"2027",8019
"2028",8020
"2029",8021
"2030",8023
"2031",8024
"2032",8025
"2033",8026
"2034",8027
"2035",8028
"2036",8029
"2037",8030
"2038",8031
"2039",8032
"2040",8034
"2041",8035
"2042",8037
"2043",8038
"2044",8039
"2045",8040
"2046",8041
"2047",8042
"2048",8043
"2049",8044
"2050",8045
"2051",8046
"2052",8047
"2053",8048
"2054",8049
"2055",8050
"2056",8051
"2057",8052
"2058",8053
"2059",8054
"2060",8055
"2061",8056
"2062",8057
"2063",8058
"2064",8059
"2065",8060
"2066",8063
"2067",8064
"2068",8066
"2069",8073
"2070",8077
"2071",8080
"2072",8083
"2073",8084
"2074",8087
"2075",8093
"2076",8097
"2077",8106
"2078",8107
"2079",8119
"2080",8138
"2081",8162
"2082",8163
"2083",8181
"2084",8189
"2085",8196
"2086",8199
"2087",8205
"2088",8230
"2089",8231
"2090",8232
"2091",8234
"2092",8237
"2093",8241
"2094",8244
"2095",8250
"2096",8252
"2097",8256
"2098",8257
"2099",8258
"2100",8272
"2101",8273
"2102",8274
"2103",8275
"2104",8277
"2105",8287
"2106",8292
"2107",8294
"2108",8296
"2109",8301
"2110",8309
"2111",8312
"2112",8314
"2113",8322
"2114",8323
"2115",8332
"2116",8334
"2117",8336
"2118",8338
"2119",8344
"2120",8345
"2121",8346
"2122",8347
"2123",8354
"2124",8355
"2125",8356
"2126",8372
"2127",8373
"2128",8377
"2129",8379
"2130",8383
"2131",8384
"2132",8387
"2133",8397
"2134",8398
"2135",8399
"2136",8400
"2137",8403
"2138",8409
"2139",8411
"2140",8413
"2141",8423
"2142",8427
"2143",8438
"2144",8444
"2145",8445
"2146",8450
"2147",8454
"2148",8458
"2149",8472
"2150",8474
"2151",8476
"2152",8479
"2153",8484
"2154",8490
"2155",8496
"2156",8501
"2157",8502
"2158",8521
"2159",8522
"2160",8524
"2161",8525
"2162",8526
"2163",8529
"2164",8537
"2165",8545
"2166",8547
"2167",8549
"2168",8553
"2169",8555
"2170",8568
"2171",8583
"2172",8586
"2173",8588
"2174",8590
"2175",8598
"2176",8599
"2177",8601
"2178",8605
"2179",8608
"2180",8610
"2181",8611
"2182",8613
"2183",8614
"2184",8619
"2185",8620
"2186",8621
"2187",8622
"2188",8623
"2189",8624
"2190",8625
"2191",8626
"2192",8627
"2193",8628
"2194",8629
"2195",8630
"2196",8631
"2197",8632
"2198",8633
"2199",8634
"2200",8635
"2201",8636
"2202",8637
"2203",8638
"2204",8639
"2205",8640
"2206",8641
"2207",8642
"2208",8643
"2209",8644
"2210",8645
"2211",8646
"2212",8647
"2213",8648
"2214",8649
"2215",8650
"2216",8651
"2217",8652
"2218",8653
"2219",8654
"2220",8655
"2221",8656
"2222",8657
"2223",8658
"2224",8659
"2225",8660
"2226",8661
"2227",8663
"2228",8668
"2229",8669
"2230",8672
"2231",8677
"2232",8684
"2233",8687
"2234",8692
"2235",8699
"2236",8700
"2237",8706
"2238",8717
"2239",8720
"2240",8724
"2241",8729
"2242",8735
"2243",8742
"2244",8751
"2245",8759
"2246",8763
"2247",8770
"2248",8775
"2249",8783
"2250",8785
"2251",8791
"2252",8793
"2253",8809
"2254",8816
"2255",8817
"2256",8818
"2257",8826
"2258",8829
"2259",8834
"2260",8835
"2261",8842
"2262",8850
"2263",8865
"2264",8867
"2265",8874
"2266",8880
"2267",8883
"2268",8885
"2269",8902
"2270",8919
"2271",8926
"2272",8929
"2273",8931
"2274",8933
"2275",8935
"2276",8939
"2277",8940
"2278",8941
"2279",8945
"2280",8955
"2281",8957
"2282",8959
"2283",8961
"2284",8972
"2285",8985
"2286",8991
"2287",8992
"2288",9028
"2289",9032
"2290",9037
"2291",9046
"2292",9047
"2293",9050
"2294",9066
"2295",9067
"2296",9068
"2297",9078
"2298",9082
"2299",9083
"2300",9085
"2301",9086
"2302",9087
"2303",9088
"2304",9089
"2305",9093
"2306",9097
"2307",9099
"2308",9112
"2309",9130
"2310",9140
"2311",9141
"2312",9146
"2313",9148
"2314",9157
"2315",9168
"2316",9194
"2317",9215
"2318",9219
"2319",9223
"2320",9224
"2321",9226
"2322",9241
"2323",9242
"2324",9258
"2325",9262
"2326",9265
"2327",9268
"2328",9275
"2329",9285
"2330",9286
"2331",9299
"2332",9304
"2333",9306
"2334",9314
"2335",9323
"2336",9325
"2337",9333
"2338",9337
"2339",9340
"2340",9341
"2341",9342
"2342",9343
"2343",9348
"2344",9375
"2345",9380
"2346",9382
"2347",9386
"2348",9388
"2349",9399
"2350",9408
"2351",9417
"2352",9423
"2353",9427
"2354",9442
"2355",9446
"2356",9447
"2357",9448
"2358",9455
"2359",9456
"2360",9457
"2361",9458
"2362",9460
"2363",9462
"2364",9470
"2365",9471
"2366",9472
"2367",9473
"2368",9474
"2369",9475
"2370",9476
"2371",9477
"2372",9478
"2373",9479
"2374",9480
"2375",9481
"2376",9482
"2377",9483
"2378",9484
"2379",9485
"2380",9486
"2381",9487
"2382",9488
"2383",9489
"2384",9490
"2385",9491
"2386",9492
"2387",9493
"2388",9494
"2389",9495
"2390",9496
"2391",9497
"2392",9498
"2393",9500
"2394",9501
"2395",9502
"2396",9503
"2397",9504
"2398",9505
"2399",9506
"2400",9507
"2401",9508
"2402",9509
"2403",9510
"2404",9511
"2405",9512
"2406",9513
"2407",9514
"2408",9515
"2409",9516
"2410",9523
"2411",9536
"2412",9537
"2413",9539
"2414",9542
"2415",9543
"2416",9548
"2417",9550
"2418",9552
"2419",9553
"2420",9555
"2421",9560
"2422",9565
"2423",9567
"2424",9585
"2425",9596
"2426",9605
"2427",9606
"2428",9619
"2429",9621
"2430",9625
"2431",9628
"2432",9629
"2433",9630
"2434",9631
"2435",9632
"2436",9634
"2437",9636
"2438",9643
"2439",9644
"2440",9649
"2441",9650
"2442",9659
"2443",9660
"2444",9665
"2445",9685
"2446",9687
"2447",9688
"2448",9692
"2449",9711
"2450",9712
"2451",9714
"2452",9716
"2453",9718
"2454",9733
"2455",9743
"2456",9749
"2457",9752
"2458",9753
"2459",9754
"2460",9755
"2461",9756
"2462",9760
"2463",9761
"2464",9763
"2465",9764
"2466",9769
"2467",9771
"2468",9780
"2469",9792
"2470",9794
"2471",9798
"2472",9805
"2473",9817
"2474",9825
"2475",9830
"2476",9835
"2477",9838
"2478",9839
"2479",9843
"2480",9844
"2481",9845
"2482",9846
"2483",9847
"2484",9848
"2485",9857
"2486",9859
"2487",9864
"2488",9876
"2489",9877
"2490",9885
"2491",9892
"2492",9895
"2493",9896
"2494",9915
"2495",9923
"2496",9942
"2497",9950
"2498",9954
"2499",9955
"2500",9968
"2501",9971
"2502",9986
"2503",9992
"2504",9993
"2505",9994
"2506",10000
"2507",10006
"2508",10013
"2509",10016
"2510",10025
"2511",10031
"2512",10033
"2513",10034
"2514",10045
"2515",10050
"2516",10052
"2517",10055
"2518",10059
"2519",10060
"2520",10068
"2521",10078
"2522",10089
"2523",10104
"2524",10106
"2525",10113
"2526",10115
"2527",10123
"2528",10124
"2529",10129
"2530",10131
"2531",10132
"2532",10150
"2533",10157
"2534",10174
"2535",10175
"2536",10184
"2537",10186
"2538",10194
"2539",10195
"2540",10196
"2541",10200
"2542",10203
"2543",10220
"2544",10228
"2545",10229
"2546",10230
"2547",10236
"2548",10239
"2549",10241
"2550",10242
"2551",10245
"2552",10249
"2553",10250
"2554",10251
"2555",10252
"2556",10253
"2557",10254
"2558",10255
"2559",10257
"2560",10264
"2561",10266
"2562",10290
"2563",10291
"2564",10295
"2565",10304
"2566",10305
"2567",10320
"2568",10324
"2569",10331
"2570",10334
"2571",10347
"2572",10355
"2573",10356
"2574",10370
"2575",10375
"2576",10378
"2577",10381
"2578",10387
"2579",10390
"2580",10391
"2581",10401
"2582",10402
"2583",10405
"2584",10407
"2585",10410
"2586",10411
"2587",10413
"2588",10427
"2589",10431
"2590",10432
"2591",10433
"2592",10434
"2593",10435
"2594",10436
"2595",10437
"2596",10438
"2597",10439
"2598",10440
"2599",10441
"2600",10442
"2601",10443
"2602",10444
"2603",10445
"2604",10446
"2605",10447
"2606",10448
"2607",10449
"2608",10450
"2609",10452
"2610",10453
"2611",10460
"2612",10466
"2613",10479
"2614",10481
"2615",10485
"2616",10486
"2617",10488
"2618",10489
"2619",10496
"2620",10498
"2621",10503
"2622",10504
"2623",10505
"2624",10506
"2625",10508
"2626",10512
"2627",10516
"2628",10519
"2629",10520
"2630",10524
"2631",10527
"2632",10530
"2633",10542
"2634",10546
"2635",10553
"2636",10556
"2637",10557
"2638",10560
"2639",10563
"2640",10568
"2641",10574
"2642",10575
"2643",10580
"2644",10581
"2645",10585
"2646",10591
"2647",10593
"2648",10601
"2649",10602
"2650",10606
"2651",10607
"2652",10608
"2653",10613
"2654",10617
"2655",10622
"2656",10626
"2657",10628
"2658",10629
"2659",10630
"2660",10631
"2661",10632
"2662",10633
"2663",10634
"2664",10635
"2665",10636
"2666",10637
"2667",10638
"2668",10639
"2669",10640
"2670",10641
"2671",10642
"2672",10643
"2673",10644
"2674",10645
"2675",10646
"2676",10647
"2677",10648
"2678",10649
"2679",10650
"2680",10651
"2681",10652
"2682",10655
"2683",10656
"2684",10661
"2685",10665
"2686",10668
"2687",10670
"2688",10671
"2689",10676
"2690",10677
"2691",10683
"2692",10685
"2693",10696
"2694",10702
"2695",10713
"2696",10724
"2697",10734
"2698",10736
"2699",10743
"2700",10757
"2701",10761
"2702",10762
"2703",10769
"2704",10771
"2705",10775
"2706",10784
"2707",10787
"2708",10813
"2709",10814
"2710",10826
"2711",10836
"2712",10838
"2713",10839
"2714",10842
"2715",10844
"2716",10845
"2717",10846
"2718",10847
"2719",10848
"2720",10849
"2721",10850
"2722",10851
"2723",10852
"2724",10853
"2725",10854
"2726",10855
"2727",10856
"2728",10857
"2729",10858
"2730",10859
"2731",10860
"2732",10861
"2733",10862
"2734",10863
"2735",10864
"2736",10865
"2737",10866
"2738",10867
"2739",10868
"2740",10869
"2741",10870
"2742",10871
"2743",10872
"2744",10873
"2745",10874
"2746",10875
"2747",10876
"2748",10877
"2749",10878
"2750",10879
"2751",10880
"2752",10881
"2753",10882
"2754",10883
"2755",10884
"2756",10885
"2757",10886
"2758",10887
"2759",10888
"2760",10889
"2761",10890
"2762",10891
"2763",10892
"2764",10893
"2765",10894
"2766",10895
"2767",10896
"2768",10897
"2769",10898
"2770",10901
"2771",10914
"2772",10916
"2773",10924
"2774",10939
"2775",10940
"2776",10941
"2777",10942
"2778",10943
"2779",10944
"2780",10945
"2781",10946
"2782",10947
"2783",10948
"2784",10949
"2785",10955
"2786",10959
"2787",10960
"2788",10961
"2789",10962
"2790",10963
"2791",10964
"2792",10965
"2793",10966
"2794",10967
"2795",10968
"2796",10969
"2797",10970
"2798",10971
"2799",10972
"2800",10978
"2801",10979
"2802",10980
"2803",10982
"2804",10985
"2805",10989
"2806",10990
"2807",10991
"2808",10992
"2809",10998
"2810",11005
"2811",11008
"2812",11009
"2813",11010
"2814",11023
"2815",11024
"2816",11034
"2817",11037
"2818",11038
"2819",11041
"2820",11045
"2821",11052
"2822",11058
"2823",11059
"2824",11062
"2825",11065
"2826",11072
"2827",11082
"2828",11086
"2829",11100
"2830",11102
"2831",11104
"2832",11109
"2833",11110
"2834",11116
"2835",11120
"2836",11131
"2837",11135
"2838",11136
"2839",11138
"2840",11139
"2841",11140
"2842",11141
"2843",11142
"2844",11143
"2845",11144
"2846",11146
"2847",11147
"2848",11148
"2849",11149
"2850",11150
"2851",11151
"2852",11152
"2853",11153
"2854",11154
"2855",11155
"2856",11156
"2857",11157
"2858",11158
"2859",11159
"2860",11160
"2861",11161
"2862",11162
"2863",11163
"2864",11164
"2865",11165
"2866",11166
"2867",11167
"2868",11168
"2869",11173
"2870",11176
"2871",11177
"2872",11193
"2873",11198
"2874",11199
"2875",11204
"2876",11207
"2877",11208
"2878",11209
"2879",11213
"2880",11235
"2881",11239
"2882",11271
"2883",11272
"2884",11273
"2885",11274
"2886",11275
"2887",11276
"2888",11277
"2889",11278
"2890",11281
"2891",11289
"2892",11292
"2893",11294
"2894",11300
"2895",11301
"2896",11338
"2897",11360
"2898",11369
"2899",11378
"2900",11388
"2901",11396
"2902",11403
"2903",11412
"2904",11415
"2905",11426
"2906",11433
"2907",11440
"2908",11445
"2909",11447
"2910",11464
"2911",11471
"2912",11489
"2913",11499
"2914",11503
"2915",11507
"2916",11511
"2917",11514
"2918",11518
"2919",11532
"2920",11533
"2921",11534
"2922",11535
"2923",11538
"2924",11539
"2925",11550
"2926",11551
"2927",11553
"2928",11556
"2929",11593
"2930",11596
"2931",11598
"2932",11602
"2933",11603
"2934",11604
"2935",11605
"2936",11606
"2937",11608
"2938",11610
"2939",11611
"2940",11614
"2941",11622
"2942",11636
"2943",11638
"2944",11644
"2945",11646
"2946",11648
"2947",11657
"2948",11659
"2949",11666
"2950",11677
"2951",11684
"2952",11685
"2953",11690
"2954",11699
"2955",11703
"2956",11709
"2957",11710
"2958",11720
"2959",11721
"2960",11724
"2961",11733
"2962",11737
"2963",11740
"2964",11755
"2965",11770
"2966",11782
"2967",11797
"2968",11820
"2969",11823
"2970",11831
"2971",11833
"2972",11837
"2973",11838
"2974",11839
"2975",11847
"2976",11858
"2977",11860
"2978",11862
"2979",11870
"2980",11874
"2981",11877
"2982",11883
"2983",11886
"2984",11891
"2985",11894
"2986",11900
"2987",11902
"2988",11910
"2989",11912
"2990",11914
"2991",11929
"2992",11937
"2993",11938
"2994",11943
"2995",11947
"2996",11949
"2997",11950
"2998",11952
"2999",11954
"3000",11957
"3001",11965
"3002",11969
"3003",11976
"3004",11982
"3005",11983
"3006",11984
"3007",11985
"3008",11986
"3009",11987
"3010",11988
"3011",11989
"3012",11990
"3013",11991
"3014",11992
"3015",11993
"3016",11994
"3017",11995
"3018",11996
"3019",11997
"3020",11998
"3021",11999
"3022",12000
"3023",12001
"3024",12002
"3025",12003
"3026",12004
"3027",12016
"3028",12026
"3029",12031
"3030",12036
"3031",12038
"3032",12044
"3033",12053
"3034",12072
"3035",12075
"3036",12077
"3037",12093
"3038",12096
"3039",12099
"3040",12108
"3041",12120
"3042",12121
"3043",12123
"3044",12125
"3045",12129
"3046",12130
"3047",12134
"3048",12135
"3049",12140
"3050",12150
"3051",12153
"3052",12155
"3053",12162
"3054",12163
"3055",12170
"3056",12186
"3057",12188
"3058",12200
"3059",12202
"3060",12208
"3061",12209
"3062",12210
"3063",12219
"3064",12226
"3065",12236
"3066",12237
"3067",12245
"3068",12260
"3069",12265
"3070",12270
"3071",12285
"3072",12287
"3073",12288
"3074",12293
"3075",12294
"3076",12298
"3077",12305
"3078",12309
"3079",12312
"3080",12318
"3081",12323
"3082",12324
"3083",12325
"3084",12326
"3085",12327
"3086",12328
"3087",12329
"3088",12330
"3089",12332
"3090",12338
"3091",12339
"3092",12340
"3093",12341
"3094",12342
"3095",12343
"3096",12344
"3097",12345
"3098",12346
"3099",12350
"3100",12354
"3101",12355
"3102",12356
"3103",12357
"3104",12358
"3105",12361
"3106",12362
"3107",12363
"3108",12364
"3109",12365
"3110",12366
"3111",12367
"3112",12368
"3113",12369
"3114",12370
"3115",12371
"3116",12372
"3117",12373
"3118",12374
"3119",12375
"3120",12376
"3121",12377
"3122",12378
"3123",12379
"3124",12380
"3125",12381
"3126",12382
"3127",12383
"3128",12384
"3129",12385
"3130",12386
"3131",12387
"3132",12388
"3133",12389
"3134",12390
"3135",12391
"3136",12392
"3137",12393
"3138",12394
"3139",12395
"3140",12396
"3141",12397
"3142",12398
"3143",12399
"3144",12400
"3145",12401
"3146",12402
"3147",12404
"3148",12406
"3149",12407
"3150",12408
"3151",12409
"3152",12410
"3153",12411
"3154",12412
"3155",12413
"3156",12414
"3157",12415
"3158",12416
"3159",12417
"3160",12418
"3161",12419
"3162",12420
"3163",12421
"3164",12422
"3165",12423
"3166",12424
"3167",12425
"3168",12426
"3169",12427
"3170",12431
"3171",12432
"3172",12433
"3173",12434
"3174",12435
"3175",12436
"3176",12437
"3177",12438
"3178",12439
"3179",12440
"3180",12441
"3181",12442
"3182",12443
"3183",12444
"3184",12445
"3185",12446
"3186",12447
"3187",12448
"3188",12449
"3189",12450
"3190",12451
"3191",12452
"3192",12453
"3193",12454
"3194",12455
"3195",12456
"3196",12457
"3197",12458
"3198",12459
"3199",12460
"3200",12461
"3201",12462
"3202",12463
"3203",12464
"3204",12465
"3205",12466
"3206",12467
"3207",12469
"3208",12470
"3209",12471
"3210",12472
"3211",12473
"3212",12474
"3213",12475
"3214",12476
"3215",12477
"3216",12478
"3217",12479
"3218",12480
"3219",12481
"3220",12482
"3221",12483
"3222",12484
"3223",12485
"3224",12486
"3225",12487
"3226",12491
"3227",12494
"3228",12495
"3229",12496
"3230",12497
"3231",12498
"3232",12499
"3233",12500
"3234",12501
"3235",12502
"3236",12503
"3237",12504
"3238",12505
"3239",12506
"3240",12507
"3241",12508
"3242",12509
"3243",12510
"3244",12511
"3245",12512
"3246",12513
"3247",12514
"3248",12517
"3249",12520
"3250",12526
"3251",12528
"3252",12536
"3253",12544
"3254",12545
"3255",12554
"3256",12556
"3257",12567
"3258",12573
"3259",12574
"3260",12578
"3261",12582
"3262",12593
"3263",12596
"3264",12604
"3265",12611
"3266",12614
"3267",12627
"3268",12629
"3269",12630
"3270",12652
"3271",12653
"3272",12658
"3273",12659
"3274",12662
"3275",12666
"3276",12670
"3277",12674
"3278",12684
"3279",12699
"3280",12701
"3281",12714
"3282",12718
"3283",12724
"3284",12732
"3285",12734
"3286",12738
"3287",12744
"3288",12746
"3289",12747
"3290",12753
"3291",12754
"3292",12755
"3293",12761
"3294",12765
"3295",12772
"3296",12777
"3297",12778
"3298",12787
"3299",12797
"3300",12799
"3301",12818
"3302",12823
"3303",12830
"3304",12831
"3305",12834
"3306",12838
"3307",12842
"3308",12843
"3309",12846
"3310",12847
"3311",12849
"3312",12854
"3313",12861
"3314",12864
"3315",12872
"3316",12875
"3317",12876
"3318",12896
"3319",12905
"3320",12911
"3321",12914
"3322",12919
"3323",12929
"3324",12931
"3325",12933
"3326",12957
"3327",12959
"3328",12968
"3329",12973
"3330",12975
"3331",12980
"3332",12982
"3333",12987
"3334",12989
"3335",12994
"3336",12995
"3337",13000
"3338",13020
"3339",13034
"3340",13037
"3341",13040
"3342",13041
"3343",13042
"3344",13043
"3345",13054
"3346",13055
"3347",13066
"3348",13073
"3349",13074
"3350",13075
"3351",13080
"3352",13081
"3353",13082
"3354",13087
"3355",13092
"3356",13095
"3357",13104
"3358",13105
"3359",13106
"3360",13108
"3361",13119
"3362",13120
"3363",13121
"3364",13123
"3365",13127
"3366",13132
"3367",13136
"3368",13138
"3369",13139
"3370",13140
"3371",13151
"3372",13154
"3373",13155
"3374",13156
"3375",13162
"3376",13163
"3377",13166
"3378",13167
"3379",13169
"3380",13170
"3381",13174
"3382",13194
"3383",13200
"3384",13206
"3385",13215
"3386",13218
"3387",13224
"3388",13229
"3389",13230
"3390",13237
"3391",13239
"3392",13247
"3393",13249
"3394",13261
"3395",13265
"3396",13266
"3397",13269
"3398",13270
"3399",13288
"3400",13290
"3401",13310
"3402",13323
"3403",13324
"3404",13325
"3405",13335
"3406",13349
"3407",13361
"3408",13375
"3409",13378
"3410",13379
"3411",13380
"3412",13381
"3413",13382
"3414",13383
"3415",13384
"3416",13385
"3417",13386
"3418",13387
"3419",13388
"3420",13389
"3421",13390
"3422",13391
"3423",13392
"3424",13393
"3425",13394
"3426",13395
"3427",13396
"3428",13397
"3429",13398
"3430",13399
"3431",13401
"3432",13402
"3433",13403
"3434",13404
"3435",13405
"3436",13406
"3437",13407
"3438",13408
"3439",13409
"3440",13410
"3441",13411
"3442",13412
"3443",13413
"3444",13414
"3445",13415
"3446",13416
"3447",13417
"3448",13418
"3449",13419
"3450",13420
"3451",13421
"3452",13422
"3453",13423
"3454",13424
"3455",13425
"3456",13426
"3457",13427
"3458",13428
"3459",13429
"3460",13430
"3461",13431
"3462",13432
"3463",13433
"3464",13434
"3465",13435
"3466",13436
"3467",13437
"3468",13438
"3469",13439
"3470",13440
"3471",13441
"3472",13442
"3473",13443
"3474",13444
"3475",13445
"3476",13446
"3477",13447
"3478",13448
"3479",13449
"3480",13450
"3481",13451
"3482",13452
"3483",13455
"3484",13456
"3485",13464
"3486",13465
"3487",13468
"3488",13471
"3489",13472
"3490",13483
"3491",13491
"3492",13494
"3493",13499
"3494",13500
"3495",13505
"3496",13514
"3497",13520
"3498",13523
"3499",13527
"3500",13534
"3501",13546
"3502",13550
"3503",13559
"3504",13573
"3505",13575
"3506",13576
"3507",13596
"3508",13600
"3509",13609
"3510",13610
"3511",13614
"3512",13625
"3513",13633
"3514",13637
"3515",13641
"3516",13643
"3517",13657
"3518",13664
"3519",13666
"3520",13667
"3521",13690
"3522",13700
"3523",13706
"3524",13713
"3525",13724
"3526",13734
"3527",13738
"3528",13744
"3529",13747
"3530",13762
"3531",13763
"3532",13765
"3533",13766
"3534",13767
"3535",13773
"3536",13774
"3537",13780
"3538",13781
"3539",13793
"3540",13797
"3541",13812
"3542",13817
"3543",13822
"3544",13827
"3545",13828
"3546",13833
"3547",13842
"3548",13844
"3549",13847
"3550",13855
"3551",13856
"3552",13863
"3553",13866
"3554",13867
"3555",13870
"3556",13872
"3557",13881
"3558",13884
"3559",13885
"3560",13886
"3561",13890
"3562",13898
"3563",13915
"3564",13921
"3565",13926
"3566",13927
"3567",13929
"3568",13935
"3569",13937
"3570",13943
"3571",13946
"3572",13950
"3573",13952
"3574",13955
"3575",13956
"3576",13957
"3577",13958
"3578",13969
"3579",13974
"3580",13984
"3581",13987
"3582",13994
"3583",14023
"3584",14024
"3585",14028
"3586",14029
"3587",14030
"3588",14035
"3589",14041
"3590",14042
"3591",14047
"3592",14054
"3593",14057
"3594",14059
"3595",14060
"3596",14063
"3597",14065
"3598",14066
"3599",14075
"3600",14076
"3601",14077
"3602",14085
"3603",14089
"3604",14100
"3605",14101
"3606",14103
"3607",14107
"3608",14114
"3609",14116
"3610",14120
"3611",14128
"3612",14131
"3613",14139
"3614",14143
"3615",14145
"3616",14148
"3617",14156
"3618",14159
"3619",14173
"3620",14178
"3621",14180
"3622",14189
"3623",14194
"3624",14195
"3625",14197
"3626",14211
"3627",14215
"3628",14217
"3629",14220
"3630",14221
"3631",14225
"3632",14236
"3633",14246
"3634",14258
"3635",14270
"3636",14288
"3637",14296
"3638",14297
"3639",14299
"3640",14303
"3641",14318
"3642",14324
"3643",14326
"3644",14330
"3645",14332
"3646",14346
"3647",14351
"3648",14354
"3649",14360
"3650",14373
"3651",14374
"3652",14379
"3653",14385
"3654",14394
"3655",14397
"3656",14404
"3657",14408
"3658",14410
"3659",14417
"3660",14423
"3661",14435
"3662",14438
"3663",14439
"3664",14441
"3665",14442
"3666",14447
"3667",14452
"3668",14453
"3669",14456
"3670",14457
"3671",14459
"3672",14460
"3673",14462
"3674",14467
"3675",14471
"3676",14472
"3677",14473
"3678",14474
"3679",14477
"3680",14481
"3681",14484
"3682",14494
"3683",14495
"3684",14498
"3685",14500
"3686",14506
"3687",14508
"3688",14509
"3689",14510
"3690",14511
"3691",14512
"3692",14513
"3693",14514
"3694",14515
"3695",14516
"3696",14517
"3697",14518
"3698",14519
"3699",14520
"3700",14521
"3701",14522
"3702",14523
"3703",14524
"3704",14525
"3705",14526
"3706",14527
"3707",14528
"3708",14529
"3709",14530
"3710",14531
"3711",14532
"3712",14533
"3713",14534
"3714",14535
"3715",14536
"3716",14537
"3717",14538
"3718",14539
"3719",14540
"3720",14541
"3721",14542
"3722",14543
"3723",14544
"3724",14545
"3725",14546
"3726",14547
"3727",14548
"3728",14549
"3729",14550
"3730",14551
"3731",14552
"3732",14553
"3733",14554
"3734",14555
"3735",14556
"3736",14557
"3737",14558
"3738",14559
"3739",14560
"3740",14561
"3741",14562
"3742",14563
"3743",14564
"3744",14565
"3745",14566
"3746",14567
"3747",14568
"3748",14569
"3749",14570
"3750",14571
"3751",14572
"3752",14573
"3753",14574
"3754",14575
"3755",14576
"3756",14577
"3757",14578
"3758",14579
"3759",14580
"3760",14581
"3761",14582
"3762",14583
"3763",14584
"3764",14589
"3765",14590
"3766",14591
"3767",14597
"3768",14598
"3769",14604
"3770",14616
"3771",14617
"3772",14626
"3773",14633
"3774",14634
"3775",14635
"3776",14641
"3777",14643
"3778",14651
"3779",14661
"3780",14673
"3781",14678
"3782",14687
"3783",14689
"3784",14701
"3785",14724
"3786",14734
"3787",14739
"3788",14740
"3789",14747
"3790",14757
"3791",14758
"3792",14765
"3793",14773
"3794",14784
"3795",14788
"3796",14796
"3797",14799
"3798",14800
"3799",14802
"3800",14806
"3801",14811
"3802",14815
"3803",14818
"3804",14820
"3805",14825
"3806",14833
"3807",14837
"3808",14839
"3809",14841
"3810",14846
"3811",14847
"3812",14849
"3813",14859
"3814",14879
"3815",14880
"3816",14883
"3817",14897
"3818",14899
"3819",14900
"3820",14901
"3821",14910
"3822",14920
"3823",14921
"3824",14924
"3825",14931
"3826",14932
"3827",14941
"3828",14942
"3829",14943
"3830",14961
"3831",14964
"3832",14968
"3833",14982
"3834",14985
"3835",15000
"3836",15005
"3837",15006
"3838",15007
"3839",15008
"3840",15009
"3841",15023
"3842",15030
"3843",15035
"3844",15037
"3845",15045
"3846",15046
"3847",15052
"3848",15056
"3849",15060
"3850",15070
"3851",15084
"3852",15090
"3853",15092
"3854",15097
"3855",15115
"3856",15118
"3857",15119
"3858",15124
"3859",15133
"3860",15137
"3861",15138
"3862",15143
"3863",15158
"3864",15159
"3865",15169
"3866",15186
"3867",15190
"3868",15199
"3869",15202
"3870",15203
"3871",15206
"3872",15212
"3873",15219
"3874",15236
"3875",15253
"3876",15257
"3877",15271
"3878",15272
"3879",15278
"3880",15284
"3881",15286
"3882",15305
"3883",15314
"3884",15315
"3885",15319
"3886",15324
"3887",15331
"3888",15332
"3889",15335
"3890",15341
"3891",15344
"3892",15347
"3893",15366
"3894",15378
"3895",15381
"3896",15399
"3897",15400
"3898",15401
"3899",15407
"3900",15408
"3901",15415
"3902",15418
"3903",15423
"3904",15425
"3905",15426
"3906",15431
"3907",15452
"3908",15455
"3909",15462
"3910",15463
"3911",15464
"3912",15471
"3913",15476
"3914",15479
"3915",15480
"3916",15484
"3917",15486
"3918",15488
"3919",15490
"3920",15496
"3921",15500
"3922",15507
"3923",15519
"3924",15535
"3925",15544
"3926",15545
"3927",15556
"3928",15557
"3929",15560
"3930",15567
"3931",15568
"3932",15569
"3933",15570
"3934",15571
"3935",15572
"3936",15573
"3937",15574
"3938",15575
"3939",15576
"3940",15577
"3941",15578
"3942",15579
"3943",15580
"3944",15581
"3945",15584
"3946",15585
"3947",15586
"3948",15587
"3949",15588
"3950",15589
"3951",15590
"3952",15591
"3953",15592
"3954",15593
"3955",15594
"3956",15595
"3957",15596
"3958",15597
"3959",15598
"3960",15600
"3961",15601
"3962",15602
"3963",15604
"3964",15605
"3965",15606
"3966",15607
"3967",15608
"3968",15609
"3969",15610
"3970",15611
"3971",15616
"3972",15636
"3973",15637
"3974",15647
"3975",15659
"3976",15669
"3977",15670
"3978",15676
"3979",15683
"3980",15686
"3981",15687
"3982",15688
"3983",15697
"3984",15701
"3985",15702
"3986",15713
"3987",15719
"3988",15722
"3989",15725
"3990",15728
"3991",15733
"3992",15734
"3993",15745
"3994",15746
"3995",15747
"3996",15749
"3997",15761
"3998",15764
"3999",15772
"4000",15774
"4001",15779
"4002",15782
"4003",15783
"4004",15791
"4005",15797
"4006",15798
"4007",15803
"4008",15807
"4009",15810
"4010",15830
"4011",15832
"4012",15835
"4013",15837
"4014",15842
"4015",15845
"4016",15852
"4017",15861
"4018",15871
"4019",15872
"4020",15883
"4021",15885
"4022",15895
"4023",15897
"4024",15901
"4025",15902
"4026",15904
"4027",15907
"4028",15913
"4029",15917
"4030",15921
"4031",15924
"4032",15927
"4033",15936
"4034",15937
"4035",15943
"4036",15955
"4037",15957
"4038",15966
"4039",15969
"4040",15970
"4041",15974
"4042",15975
"4043",15976
"4044",15979
"4045",15995
"4046",16012
"4047",16023
"4048",16024
"4049",16025
"4050",16026
"4051",16029
"4052",16031
"4053",16037
"4054",16038
"4055",16039
"4056",16042
"4057",16045
"4058",16054
"4059",16056
"4060",16058
"4061",16059
"4062",16061
"4063",16062
"4064",16063
"4065",16065
"4066",16072
"4067",16074
"4068",16079
"4069",16080
"4070",16084
"4071",16085
"4072",16086
"4073",16089
"4074",16095
"4075",16102
"4076",16103
"4077",16114
"4078",16119
"4079",16120
"4080",16121
"4081",16124
"4082",16126
"4083",16129
"4084",16133
"4085",16134
"4086",16135
"4087",16146
"4088",16153
"4089",16160
"4090",16164
"4091",16173
"4092",16183
"4093",16191
"4094",16197
"4095",16219
"4096",16226
"4097",16235
"4098",16236
"4099",16239
"4100",16240
"4101",16246
"4102",16247
"4103",16254
"4104",16257
"4105",16260
"4106",16262
"4107",16264
"4108",16267
"4109",16269
"4110",16278
"4111",16284
"4112",16286
"4113",16289
"4114",16297
"4115",16298
"4116",16301
"4117",16312
"4118",16315
"4119",16318
"4120",16319
"4121",16325
"4122",16331
"4123",16339
"4124",16349
"4125",16352
"4126",16353
"4127",16356
"4128",16361
"4129",16367
"4130",16374
"4131",16381
"4132",16385
"4133",16387
"4134",16389
"4135",16390
"4136",16393
"4137",16407
"4138",16410
"4139",16414
"4140",16415
"4141",16416
"4142",16417
"4143",16418
"4144",16423
"4145",16428
"4146",16431
"4147",16437
"4148",16443
"4149",16444
"4150",16452
"4151",16454
"4152",16456
"4153",16462
"4154",16463
"4155",16467
"4156",16480
"4157",16486
"4158",16487
"4159",16489
"4160",16490
"4161",16499
"4162",16505
"4163",16508
"4164",16509
"4165",16520
"4166",16524
"4167",16527
"4168",16529
"4169",16533
"4170",16536
"4171",16542
"4172",16551
"4173",16552
"4174",16554
"4175",16567
"4176",16572
"4177",16576
"4178",16585
"4179",16596
"4180",16598
"4181",16619
"4182",16621
"4183",16631
"4184",16636
"4185",16643
"4186",16657
"4187",16672
"4188",16673
"4189",16675
"4190",16682
"4191",16687
"4192",16701
"4193",16702
"4194",16706
"4195",16707
"4196",16710
"4197",16711
"4198",16713
"4199",16719
"4200",16727
"4201",16733
"4202",16735
"4203",16737
"4204",16742
"4205",16745
"4206",16746
"4207",16749
"4208",16752
"4209",16753
"4210",16754
"4211",16758
"4212",16773
"4213",16778
"4214",16779
"4215",16794
"4216",16795
"4217",16818
"4218",16824
"4219",16825
"4220",16827
"4221",16839
"4222",16864
"4223",16866
"4224",16867
"4225",16869
"4226",16870
"4227",16873
"4228",16874
"4229",16877
"4230",16878
"4231",16879
"4232",16880
"4233",16881
"4234",16882
"4235",16883
"4236",16884
"4237",16885
"4238",16886
"4239",16887
"4240",16888
"4241",16889
"4242",16890
"4243",16891
"4244",16892
"4245",16893
"4246",16894
"4247",16895
"4248",16896
"4249",16897
"4250",16898
"4251",16899
"4252",16900
"4253",16901
"4254",16902
"4255",16903
"4256",16904
"4257",16905
"4258",16906
"4259",16907
"4260",16908
"4261",16909
"4262",16910
"4263",16911
"4264",16912
"4265",16913
"4266",16914
"4267",16915
"4268",16916
"4269",16917
"4270",16918
"4271",16919
"4272",16920
"4273",16921
"4274",16922
"4275",16923
"4276",16924
"4277",16925
"4278",16926
"4279",16930
"4280",16931
"4281",16951
"4282",16952
"4283",16953
"4284",16954
"4285",16955
"4286",16956
"4287",16957
"4288",16958
"4289",16959
"4290",16960
"4291",16961
"4292",16962
"4293",16963
"4294",16964
"4295",16965
"4296",16966
"4297",16969
"4298",16976
"4299",16984
"4300",16985
"4301",16986
"4302",16987
"4303",16988
"4304",16989
"4305",16990
"4306",16991
"4307",16992
"4308",16993
"4309",16994
"4310",16995
"4311",16996
"4312",16997
"4313",16998
"4314",16999
"4315",17000
"4316",17001
"4317",17002
"4318",17003
"4319",17009
"4320",17017
"4321",17024
"4322",17028
"4323",17042
"4324",17045
"4325",17047
"4326",17048
"4327",17055
"4328",17072
"4329",17073
"4330",17074
"4331",17082
"4332",17083
"4333",17084
"4334",17085
"4335",17086
"4336",17087
"4337",17088
"4338",17089
"4339",17090
"4340",17096
"4341",17098
"4342",17099
"4343",17100
"4344",17113
"4345",17114
"4346",17115
"4347",17116
"4348",17117
"4349",17118
"4350",17119
"4351",17120
"4352",17121
"4353",17122
"4354",17123
"4355",17124
"4356",17125
"4357",17126
"4358",17127
"4359",17128
"4360",17129
"4361",17130
"4362",17131
"4363",17132
"4364",17133
"4365",17134
"4366",17135
"4367",17136
"4368",17137
"4369",17138
"4370",17139
"4371",17140
"4372",17141
"4373",17142
"4374",17143
"4375",17144
"4376",17145
"4377",17146
"4378",17147
"4379",17148
"4380",17149
"4381",17150
"4382",17151
"4383",17152
"4384",17153
"4385",17154
"4386",17155
"4387",17156
"4388",17157
"4389",17158
"4390",17159
"4391",17160
"4392",17161
"4393",17162
"4394",17163
"4395",17164
"4396",17165
"4397",17166
"4398",17167
"4399",17168
"4400",17169
"4401",17170
"4402",17171
"4403",17172
"4404",17173
"4405",17174
"4406",17175
"4407",17176
"4408",17177
"4409",17178
"4410",17179
"4411",17180
"4412",17181
"4413",17182
"4414",17183
"4415",17184
"4416",17185
"4417",17186
"4418",17187
"4419",17188
"4420",17189
"4421",17190
"4422",17191
"4423",17192
"4424",17193
"4425",17194
"4426",17195
"4427",17196
"4428",17197
"4429",17198
"4430",17199
"4431",17200
"4432",17201
"4433",17202
"4434",17203
"4435",17204
"4436",17205
"4437",17206
"4438",17207
"4439",17208
"4440",17209
"4441",17210
"4442",17211
"4443",17212
"4444",17213
"4445",17214
"4446",17215
"4447",17216
"4448",17217
"4449",17218
"4450",17219
"4451",17220
"4452",17221
"4453",17222
"4454",17223
"4455",17224
"4456",17225
"4457",17226
"4458",17227
"4459",17228
"4460",17229
"4461",17230
"4462",17231
"4463",17232
"4464",17233
"4465",17234
"4466",17235
"4467",17236
"4468",17237
"4469",17238
"4470",17239
"4471",17240
"4472",17241
"4473",17242
"4474",17243
"4475",17244
"4476",17245
"4477",17246
"4478",17247
"4479",17248
"4480",17249
"4481",17250
"4482",17251
"4483",17252
"4484",17253
"4485",17254
"4486",17255
"4487",17256
"4488",17257
"4489",17258
"4490",17259
"4491",17260
"4492",17261
"4493",17262
"4494",17263
"4495",17264
"4496",17265
"4497",17266
"4498",17267
"4499",17268
"4500",17269
"4501",17270
"4502",17271
"4503",17272
"4504",17273
"4505",17274
"4506",17275
"4507",17276
"4508",17277
"4509",17278
"4510",17279
"4511",17280
"4512",17281
"4513",17282
"4514",17283
"4515",17284
"4516",17285
"4517",17286
"4518",17287
"4519",17288
"4520",17289
"4521",17290
"4522",17291
"4523",17292
"4524",17293
"4525",17294
"4526",17295
"4527",17296
"4528",17297
"4529",17298
"4530",17299
"4531",17300
"4532",17301
"4533",17302
"4534",17303
"4535",17304
"4536",17305
"4537",17306
"4538",17307
"4539",17308
"4540",17309
"4541",17310
"4542",17311
"4543",17312
"4544",17313
"4545",17314
"4546",17315
"4547",17316
"4548",17317
"4549",17318
"4550",17319
"4551",17320
"4552",17321
"4553",17325
"4554",17331
"4555",17333
"4556",17339
"4557",17343
"4558",17348
"4559",17349
"4560",17350
"4561",17352
"4562",17357
"4563",17359
"4564",17360
"4565",17361
"4566",17362
"4567",17377
"4568",17395
"4569",17398
"4570",17411
"4571",17413
"4572",17415
"4573",17421
"4574",17425
"4575",17427
"4576",17429
"4577",17436
"4578",17442
"4579",17443
"4580",17449
"4581",17450
"4582",17458
"4583",17463
"4584",17465
"4585",17466
"4586",17467
"4587",17468
"4588",17469
"4589",17470
"4590",17471
"4591",17473
"4592",17476
"4593",17480
"4594",17481
"4595",17482
"4596",17483
"4597",17484
"4598",17493
"4599",17494
"4600",17495
"4601",17496
"4602",17497
"4603",17504
"4604",17505
"4605",17506
"4606",17507
"4607",17508
"4608",17512
"4609",17515
"4610",17521
"4611",17525
"4612",17529
"4613",17534
"4614",17538
"4615",17539
"4616",17542
"4617",17543
"4618",17553
"4619",17566
"4620",17567
"4621",17570
"4622",17571
"4623",17580
"4624",17586
"4625",17592
"4626",17595
"4627",17599
"4628",17603
"4629",17606
"4630",17609
"4631",17611
"4632",17613
"4633",17624
"4634",17630
"4635",17644
"4636",17647
"4637",17652
"4638",17653
"4639",17654
"4640",17655
"4641",17657
"4642",17658
"4643",17659
"4644",17660
"4645",17661
"4646",17662
"4647",17663
"4648",17664
"4649",17665
"4650",17666
"4651",17667
"4652",17668
"4653",17669
"4654",17670
"4655",17671
"4656",17672
"4657",17673
"4658",17674
"4659",17675
"4660",17676
"4661",17677
"4662",17678
"4663",17679
"4664",17680
"4665",17681
"4666",17682
"4667",17683
"4668",17684
"4669",17685
"4670",17686
"4671",17687
"4672",17688
"4673",17689
"4674",17690
"4675",17691
"4676",17692
"4677",17693
"4678",17694
"4679",17695
"4680",17696
"4681",17697
"4682",17698
"4683",17699
"4684",17700
"4685",17701
"4686",17702
"4687",17703
"4688",17704
"4689",17705
"4690",17706
"4691",17707
"4692",17708
"4693",17709
"4694",17710
"4695",17711
"4696",17712
"4697",17713
"4698",17714
"4699",17715
"4700",17716
"4701",17717
"4702",17718
"4703",17719
"4704",17720
"4705",17721
"4706",17722
"4707",17723
"4708",17724
"4709",17725
"4710",17726
"4711",17727
"4712",17728
"4713",17729
"4714",17730
"4715",17731
"4716",17732
"4717",17733
"4718",17734
"4719",17735
"4720",17736
"4721",17737
"4722",17738
"4723",17739
"4724",17740
"4725",17741
"4726",17742
"4727",17743
"4728",17744
"4729",17745
"4730",17746
"4731",17747
"4732",17748
"4733",17749
"4734",17750
"4735",17752
"4736",17759
"4737",17760
"4738",17761
"4739",17762
"4740",17763
"4741",17764
"4742",17765
"4743",17766
"4744",17767
"4745",17768
"4746",17769
"4747",17770
"4748",17771
"4749",17772
"4750",17773
"4751",17774
"4752",17776
"4753",17777
"4754",17778
"4755",17779
"4756",17780
"4757",17781
"4758",17782
"4759",17786
"4760",17787
"4761",17792
"4762",17793
"4763",17798
"4764",17801
"4765",17807
"4766",17821
"4767",17833
"4768",17835
"4769",17838
"4770",17839
"4771",17845
"4772",17850
"4773",17855
"4774",17857
"4775",17859
"4776",17862
"4777",17868
"4778",17872
"4779",17875
"4780",17876
"4781",17880
"4782",17881
"4783",17891
"4784",17904
"4785",17905
"4786",17911
"4787",17914
"4788",17915
"4789",17918
"4790",17919
"4791",17920
"4792",17921
"4793",17922
"4794",17923
"4795",17924
"4796",17925
"4797",17926
"4798",17927
"4799",17928
"4800",17929
"4801",17930
"4802",17931
"4803",17932
"4804",17933
"4805",17939
"4806",17946
"4807",17952
"4808",17956
"4809",17959
"4810",17960
"4811",17962
"4812",17963
"4813",17964
"4814",17966
"4815",17973
"4816",17992
"4817",17995
"4818",17996
"4819",17997
"4820",17998
"4821",18000
"4822",18003
"4823",18011
"4824",18017
"4825",18021
"4826",18027
"4827",18029
"4828",18035
"4829",18036
"4830",18037
"4831",18039
"4832",18042
"4833",18050
"4834",18052
"4835",18064
"4836",18065
"4837",18075
"4838",18086
"4839",18087
"4840",18096
"4841",18101
"4842",18108
"4843",18109
"4844",18110
"4845",18111
"4846",18112
"4847",18113
"4848",18114
"4849",18115
"4850",18116
"4851",18117
"4852",18118
"4853",18124
"4854",18126
"4855",18128
"4856",18141
"4857",18143
"4858",18158
"4859",18162
"4860",18163
"4861",18164
"4862",18175
"4863",18176
"4864",18177
"4865",18178
"4866",18179
"4867",18180
"4868",18182
"4869",18183
"4870",18184
"4871",18185
"4872",18186
"4873",18187
"4874",18188
"4875",18190
"4876",18192
"4877",18198
"4878",18199
"4879",18201
"4880",18202
"4881",18206
"4882",18216
"4883",18229
"4884",18231
"4885",18232
"4886",18233
"4887",18234
"4888",18235
"4889",18240
"4890",18241
"4891",18242
"4892",18243
"4893",18244
"4894",18245
"4895",18246
"4896",18247
"4897",18248
"4898",18256
"4899",18257
"4900",18258
"4901",18264
"4902",18265
"4903",18267
"4904",18268
"4905",18269
"4906",18270
"4907",18271
"4908",18281
"4909",18282
"4910",18283
"4911",18284
"4912",18285
"4913",18286
"4914",18287
"4915",18288
"4916",18289
"4917",18290
"4918",18292
"4919",18293
"4920",18294
"4921",18296
"4922",18297
"4923",18298
"4924",18299
"4925",18300
"4926",18301
"4927",18302
"4928",18303
"4929",18304
"4930",18305
"4931",18306
"4932",18307
"4933",18308
"4934",18309
"4935",18310
"4936",18322
"4937",18324
"4938",18327
"4939",18330
"4940",18341
"4941",18344
"4942",18349
"4943",18350
"4944",18351
"4945",18352
"4946",18353
"4947",18354
"4948",18355
"4949",18356
"4950",18357
"4951",18358
"4952",18359
"4953",18360
"4954",18361
"4955",18362
"4956",18363
"4957",18364
"4958",18365
"4959",18366
"4960",18367
"4961",18368
"4962",18370
"4963",18374
"4964",18379
"4965",18381
"4966",18384
"4967",18388
"4968",18389
"4969",18390
"4970",18391
"4971",18394
"4972",18395
"4973",18396
"4974",18397
"4975",18398
"4976",18399
"4977",18400
"4978",18401
"4979",18402
"4980",18403
"4981",18404
"4982",18405
"4983",18406
"4984",18412
"4985",18413
"4986",18414
"4987",18415
"4988",18416
"4989",18417
"4990",18418
"4991",18419
"4992",18420
"4993",18423
"4994",18424
"4995",18425
"4996",18426
"4997",18427
"4998",18428
"4999",18429
"5000",18430
"5001",18431
"5002",18432
"5003",18433
"5004",18434
"5005",18435
"5006",18436
"5007",18437
"5008",18438
"5009",18439
"5010",18440
"5011",18441
"5012",18442
"5013",18455
"5014",18459
"5015",18460
"5016",18462
"5017",18463
"5018",18464
"5019",18465
"5020",18469
"5021",18474
"5022",18475
"5023",18476
"5024",18477
"5025",18478
"5026",18479
"5027",18480
"5028",18481
"5029",18482
"5030",18483
"5031",18484
"5032",18485
"5033",18486
"5034",18487
"5035",18488
"5036",18489
"5037",18491
"5038",18492
"5039",18493
"5040",18494
"5041",18495
"5042",18496
"5043",18497
"5044",18498
"5045",18499
"5046",18500
"5047",18501
"5048",18505
"5049",18507
"5050",18508
"5051",18509
"5052",18510
"5053",18511
"5054",18512
"5055",18513
"5056",18514
"5057",18515
"5058",18516
"5059",18517
"5060",18518
"5061",18519
"5062",18520
"5063",18521
"5064",18522
"5065",18523
"5066",18524
"5067",18525
"5068",18526
"5069",18527
"5070",18528
"5071",18529
"5072",18539
"5073",18540
"5074",18542
"5075",18544
"5076",18556
"5077",18559
"5078",18562
"5079",18570
"5080",18571
"5081",18572
"5082",18581
"5083",18583
"5084",18589
"5085",18597
"5086",18598
"5087",18604
"5088",18607
"5089",18609
"5090",18613
"5091",18617
"5092",18619
"5093",18624
"5094",18626
"5095",18627
"5096",18631
"5097",18636
"5098",18638
"5099",18639
"5100",18648
"5101",18650
"5102",18657
"5103",18658
"5104",18661
"5105",18665
"5106",18671
"5107",18681
"5108",18685
"5109",18686
"5110",18702
"5111",18703
"5112",18704
"5113",18708
"5114",18720
"5115",18722
"5116",18729
"5117",18735
"5118",18736
"5119",18737
"5120",18741
"5121",18743
"5122",18757
"5123",18764
"5124",18776
"5125",18786
"5126",18814
"5127",18815
"5128",18820
"5129",18840
"5130",18845
"5131",18847
"5132",18848
"5133",18855
"5134",18859
"5135",18860
"5136",18861
"5137",18862
"5138",18863
"5139",18865
"5140",18867
"5141",18868
"5142",18870
"5143",18871
"5144",18872
"5145",18873
"5146",18874
"5147",18877
"5148",18878
"5149",18879
"5150",18880
"5151",18881
"5152",18884
"5153",18885
"5154",18903
"5155",18904
"5156",18905
"5157",18906
"5158",18916
"5159",18917
"5160",18919
"5161",18922
"5162",18923
"5163",18926
"5164",18927
"5165",18931
"5166",18937
"5167",18942
"5168",18943
"5169",18949
"5170",18950
"5171",18953
"5172",18957
"5173",18975
"5174",18980
"5175",18981
"5176",18988
"5177",18993
"5178",18994
"5179",18995
"5180",18996
"5181",18997
"5182",18998
"5183",18999
"5184",19001
"5185",19002
"5186",19009
"5187",19025
"5188",19026
"5189",19057
"5190",19059
"5191",19060
"5192",19061
"5193",19064
"5194",19080
"5195",19087
"5196",19095
"5197",19104
"5198",19121
"5199",19123
"5200",19125
"5201",19129
"5202",19139
"5203",19144
"5204",19150
"5205",19153
"5206",19160
"5207",19162
"5208",19165
"5209",19170
"5210",19171
"5211",19180
"5212",19188
"5213",19202
"5214",19207
"5215",19215
"5216",19220
"5217",19225
"5218",19229
"5219",19247
"5220",19248
"5221",19250
"5222",19252
"5223",19255
"5224",19256
"5225",19258
"5226",19260
"5227",19261
"5228",19278
"5229",19281
"5230",19299
"5231",19303
"5232",19306
"5233",19312
"5234",19317
"5235",19318
"5236",19321
"5237",19335
"5238",19348
"5239",19350
"5240",19351
"5241",19353
"5242",19356
"5243",19357
"5244",19360
"5245",19361
"5246",19365
"5247",19369
"5248",19376
"5249",19380
"5250",19389
"5251",19391
"5252",19392
"5253",19403
"5254",19408
"5255",19410
"5256",19412
"5257",19422
"5258",19435
"5259",19443
"5260",19448
"5261",19457
"5262",19462
"5263",19477
"5264",19478
"5265",19480
"5266",19482
"5267",19490
"5268",19492
"5269",19497
"5270",19499
"5271",19500
"5272",19501
"5273",19514
"5274",19526
"5275",19529
"5276",19544
"5277",19546
"5278",19554
"5279",19563
"5280",19564
"5281",19571
"5282",19577
"5283",19578
"5284",19581
"5285",19585
"5286",19592
"5287",19602
"5288",19614
"5289",19618
"5290",19619
"5291",19620
"5292",19621
"5293",19633
"5294",19636
"5295",19637
"5296",19647
"5297",19649
"5298",19650
"5299",19652
"5300",19654
"5301",19655
"5302",19659
"5303",19662
"5304",19665
"5305",19669
"5306",19670
"5307",19671
"5308",19674
"5309",19677
"5310",19678
"5311",19679
"5312",19680
"5313",19685
"5314",19696
"5315",19702
"5316",19708
"5317",19712
"5318",19717
"5319",19724
"5320",19725
"5321",19730
"5322",19736
"5323",19740
"5324",19743
"5325",19751
"5326",19754
"5327",19763
"5328",19766
"5329",19776
"5330",19779
"5331",19788
"5332",19806
"5333",19807
"5334",19809
"5335",19812
"5336",19818
"5337",19825
"5338",19826
"5339",19832
"5340",19839
"5341",19841
"5342",19842
"5343",19845
"5344",19846
"5345",19847
"5346",19850
"5347",19851
"5348",19852
"5349",19854
"5350",19860
"5351",19861
"5352",19863
"5353",19867
"5354",19883
"5355",19884
"5356",19889
"5357",19890
"5358",19897
"5359",19905
"5360",19912
"5361",19938
"5362",19954
"5363",19967
"5364",19977
"5365",19985
"5366",20000
"5367",20001
"5368",20012
"5369",20014
"5370",20016
"5371",20017
"5372",20021
"5373",20022
"5374",20026
"5375",20032
"5376",20037
"5377",20045
"5378",20046
"5379",20048
"5380",20049
"5381",20050
"5382",20052
"5383",20056
"5384",20061
"5385",20062
"5386",20063
"5387",20069
"5388",20070
"5389",20071
"5390",20072
"5391",20075
"5392",20076
"5393",20077
"5394",20082
"5395",20099
"5396",20101
"5397",20105
"5398",20107
"5399",20108
"5400",20111
"5401",20115
"5402",20120
"5403",20122
"5404",20127
"5405",20133
"5406",20134
"5407",20139
"5408",20148
"5409",20149
"5410",20152
"5411",20153
"5412",20154
"5413",20155
"5414",20167
"5415",20168
"5416",20169
"5417",20184
"5418",20185
"5419",20187
"5420",20192
"5421",20195
"5422",20201
"5423",20203
"5424",20227
"5425",20233
"5426",20243
"5427",20262
"5428",20268
"5429",20275
"5430",20283
"5431",20289
"5432",20292
"5433",20293
"5434",20295
"5435",20296
"5436",20297
"5437",20300
"5438",20303
"5439",20306
"5440",20321
"5441",20326
"5442",20331
"5443",20342
"5444",20344
"5445",20349
"5446",20350
"5447",20351
"5448",20352
"5449",20353
"5450",20359
"5451",20365
"5452",20368
"5453",20385
"5454",20394
"5455",20397
"5456",20400
"5457",20403
"5458",20416
"5459",20417
"5460",20418
"5461",20419
"5462",20420
"5463",20421
"5464",20422
"5465",20423
"5466",20424
"5467",20425
"5468",20426
"5469",20430
"5470",20437
"5471",20438
"5472",20439
"5473",20451
"5474",20456
"5475",20458
"5476",20461
"5477",20462
"5478",20471
"5479",20473
"5480",20476
"5481",20478
"5482",20482
"5483",20488
"5484",20489
"5485",20491
"5486",20493
"5487",20495
"5488",20497
"5489",20501
"5490",20502
"5491",20511
"5492",20514
"5493",20516
"5494",20517
"5495",20518
"5496",20519
"5497",20523
"5498",20525
"5499",20527
"5500",20533
"5501",20534
"5502",20547
"5503",20551
"5504",20552
"5505",20559
"5506",20560
"5507",20563
"5508",20564
"5509",20565
"5510",20567
"5511",20572
"5512",20575
"5513",20576
"5514",20580
"5515",20583
"5516",20585
"5517",20586
"5518",20588
"5519",20590
"5520",20608
"5521",20626
"5522",20629
"5523",20630
"5524",20631
"5525",20637
"5526",20638
"5527",20642
"5528",20655
"5529",20661
"5530",20663
"5531",20664
"5532",20668
"5533",20678
"5534",20679
"5535",20687
"5536",20691
"5537",20692
"5538",20698
"5539",20705
"5540",20707
"5541",20708
"5542",20716
"5543",20718
"5544",20720
"5545",20733
"5546",20734
"5547",20739
"5548",20741
"5549",20748
"5550",20749
"5551",20750
"5552",20754
"5553",20756
"5554",20757
"5555",20758
"5556",20763
"5557",20765
"5558",20774
"5559",20779
"5560",20783
